{
  "TestDate": "2025-05-11 20:40:33",
  "TestResults": [
    {
      "TimeDiffPercent": 49.63,
      "ThroughputDiff": 50.91,
      "TimeDiff": 2.01,
      "ThroughputDiffPercent": 98.26,
      "FasterTool": "EACopy",
      "Robocopy": {
        "ElapsedTime": {
          "Ticks": 40486674,
          "Days": 0,
          "Hours": 0,
          "Milliseconds": 48,
          "Microseconds": 667,
          "Nanoseconds": 400,
          "Minutes": 0,
          "Seconds": 4,
          "TotalDays": 4.685957638888889E-05,
          "TotalHours": 0.0011246298333333334,
          "TotalMilliseconds": 4048.6674,
          "TotalMicroseconds": 4048667.4,
          "TotalNanoseconds": 4048667400.0,
          "TotalMinutes": 0.06747779,
          "TotalSeconds": 4.0486674
        },
        "ThroughputMBps": 51.81,
        "ElapsedSeconds": 4.05,
        "SizeMB": 209.77,
        "ExitCode": 0,
        "Tool": "Robocopy"
      },
      "EACopy": {
        "ElapsedTime": {
          "Ticks": 20422144,
          "Days": 0,
          "Hours": 0,
          "Milliseconds": 42,
          "Microseconds": 214,
          "Nanoseconds": 400,
          "Minutes": 0,
          "Seconds": 2,
          "TotalDays": 2.363674074074074E-05,
          "TotalHours": 0.0005672817777777778,
          "TotalMilliseconds": 2042.2144,
          "TotalMicroseconds": 2042214.4,
          "TotalNanoseconds": 2042214400.0,
          "TotalMinutes": 0.034036906666666665,
          "TotalSeconds": 2.0422144
        },
        "ThroughputMBps": 102.72,
        "ElapsedSeconds": 2.04,
        "SizeMB": 209.77,
        "ExitCode": 0,
        "Tool": "EACopy"
      },
      "ScenarioName": "All Files"
    },
    {
      "TimeDiffPercent": 65.79,
      "ThroughputDiff": 6.149999999999999,
      "TimeDiff": 2.0,
      "ThroughputDiffPercent": 190.99,
      "FasterTool": "EACopy",
      "Robocopy": {
        "ElapsedTime": {
          "Ticks": 30386867,
          "Days": 0,
          "Hours": 0,
          "Milliseconds": 38,
          "Microseconds": 686,
          "Nanoseconds": 700,
          "Minutes": 0,
          "Seconds": 3,
          "TotalDays": 3.51699849537037E-05,
          "TotalHours": 0.0008440796388888889,
          "TotalMilliseconds": 3038.6867,
          "TotalMicroseconds": 3038686.7,
          "TotalNanoseconds": 3038686700.0,
          "TotalMinutes": 0.050644778333333335,
          "TotalSeconds": 3.0386867
        },
        "ThroughputMBps": 3.22,
        "ElapsedSeconds": 3.04,
        "SizeMB": 9.77,
        "ExitCode": 0,
        "Tool": "Robocopy"
      },
      "EACopy": {
        "ElapsedTime": {
          "Ticks": 10429981,
          "Days": 0,
          "Hours": 0,
          "Milliseconds": 42,
          "Microseconds": 998,
          "Nanoseconds": 100,
          "Minutes": 0,
          "Seconds": 1,
          "TotalDays": 1.2071737268518519E-05,
          "TotalHours": 0.00028972169444444444,
          "TotalMilliseconds": 1042.9981,
          "TotalMicroseconds": 1042998.1,
          "TotalNanoseconds": 1042998100.0,
          "TotalMinutes": 0.017383301666666667,
          "TotalSeconds": 1.0429981
        },
        "ThroughputMBps": 9.37,
        "ElapsedSeconds": 1.04,
        "SizeMB": 9.77,
        "ExitCode": 0,
        "Tool": "EACopy"
      },
      "ScenarioName": "Small Files Only"
    },
    {
      "TimeDiffPercent": 1.9,
      "ThroughputDiff": 1.8900000000000006,
      "TimeDiff": 0.020000000000000018,
      "ThroughputDiffPercent": 1.98,
      "FasterTool": "EACopy",
      "Robocopy": {
        "ElapsedTime": {
          "Ticks": 10500846,
          "Days": 0,
          "Hours": 0,
          "Milliseconds": 50,
          "Microseconds": 84,
          "Nanoseconds": 600,
          "Minutes": 0,
          "Seconds": 1,
          "TotalDays": 1.2153756944444445E-05,
          "TotalHours": 0.0002916901666666667,
          "TotalMilliseconds": 1050.0846,
          "TotalMicroseconds": 1050084.6,
          "TotalNanoseconds": 1050084600.0,
          "TotalMinutes": 0.01750141,
          "TotalSeconds": 1.0500846
        },
        "ThroughputMBps": 95.23,
        "ElapsedSeconds": 1.05,
        "SizeMB": 100.0,
        "ExitCode": 0,
        "Tool": "Robocopy"
      },
      "EACopy": {
        "ElapsedTime": {
          "Ticks": 10296473,
          "Days": 0,
          "Hours": 0,
          "Milliseconds": 29,
          "Microseconds": 647,
          "Nanoseconds": 300,
          "Minutes": 0,
          "Seconds": 1,
          "TotalDays": 1.191721412037037E-05,
          "TotalHours": 0.0002860131388888889,
          "TotalMilliseconds": 1029.6473,
          "TotalMicroseconds": 1029647.3,
          "TotalNanoseconds": 1029647300.0,
          "TotalMinutes": 0.017160788333333333,
          "TotalSeconds": 1.0296473
        },
        "ThroughputMBps": 97.12,
        "ElapsedSeconds": 1.03,
        "SizeMB": 100.0,
        "ExitCode": 0,
        "Tool": "EACopy"
      },
      "ScenarioName": "Medium Files Only"
    },
    {
      "TimeDiffPercent": 1.9,
      "ThroughputDiff": 1.5400000000000063,
      "TimeDiff": 0.020000000000000018,
      "ThroughputDiffPercent": 1.62,
      "FasterTool": "EACopy",
      "Robocopy": {
        "ElapsedTime": {
          "Ticks": 10515566,
          "Days": 0,
          "Hours": 0,
          "Milliseconds": 51,
          "Microseconds": 556,
          "Nanoseconds": 600,
          "Minutes": 0,
          "Seconds": 1,
          "TotalDays": 1.2170793981481482E-05,
          "TotalHours": 0.0002920990555555556,
          "TotalMilliseconds": 1051.5566,
          "TotalMicroseconds": 1051556.6,
          "TotalNanoseconds": 1051556600.0,
          "TotalMinutes": 0.017525943333333332,
          "TotalSeconds": 1.0515566
        },
        "ThroughputMBps": 95.1,
        "ElapsedSeconds": 1.05,
        "SizeMB": 100.0,
        "ExitCode": 0,
        "Tool": "Robocopy"
      },
      "EACopy": {
        "ElapsedTime": {
          "Ticks": 10347945,
          "Days": 0,
          "Hours": 0,
          "Milliseconds": 34,
          "Microseconds": 794,
          "Nanoseconds": 500,
          "Minutes": 0,
          "Seconds": 1,
          "TotalDays": 1.1976788194444444E-05,
          "TotalHours": 0.0002874429166666667,
          "TotalMilliseconds": 1034.7945,
          "TotalMicroseconds": 1034794.5,
          "TotalNanoseconds": 1034794500.0,
          "TotalMinutes": 0.017246575,
          "TotalSeconds": 1.0347945
        },
        "ThroughputMBps": 96.64,
        "ElapsedSeconds": 1.03,
        "SizeMB": 100.0,
        "ExitCode": 0,
        "Tool": "EACopy"
      },
      "ScenarioName": "Large Files Only"
    }
  ]
}
